[
  {
    "icon": "fa fa-home",
    "slug": "external",
    "title": "Volver al inicio",
    "path": "index.html"
  },  
  { 
    "id": 1,
    "icon": "fa fa-file-text",
    "slug": "investigacion",
    "title": "1. Información contable",
    "breadcrumb": ["Inicio","Tema 1"],
    "path": "pages/1-tema.html",
    "submenu": [
      {
        "icon": "fa fa-file-text",
        "slug": "investigacion",
        "title": "1.1 Historia, cualidades y objetivos de la información contable",
        "anchor": "tema1_1"
      },
      {
        "icon": "fa fa-file-text",
        "slug": "investigacion",
        "title": "1.2 Marco conceptual bajo estándares internacionales",
        "anchor": "tema1_2"
      },
      {
        "icon": "fa fa-file-text",
        "slug": "investigacion",
        "title": "1.3 Reconocimiento, medición, presentación, revelación y baja de cuentas de los elementos de los estados financieros",
        "anchor": "tema1_3"
      },
      {
        "icon": "fa fa-file-text",
        "slug": "investigacion",
        "title": "1.4 Política contable",
        "anchor": "tema1_4"
      }
      
    ]
  },
  { 
    "id": 1,
    "icon": "fa fa-file-text",
    "slug": "fundamentos",
    "title": "2. Fundamentos contables",
    "breadcrumb": ["Inicio","tema 2"],
    "path": "pages/2-tema.html",  
    "submenu": [
      {
        "icon": "fa fa-file-text",
        "slug": "fundamentos",
        "title": "2.1 Hecho contable: concepto, clasificación",
        "anchor": "tema2_1"
      },
      {
        "icon": "fa fa-file-text",
        "slug": "fundamentos",
        "title": "2.2 Cuenta: concepto y clasificación",
        "anchor": "tema2_2"
      },
      {
        "icon": "fa fa-file-text",
        "slug": "fundamentos",
        "title": "2.3 Partida doble",
        "anchor": "tema2_3"
      },
      {
        "icon": "fa fa-file-text",
        "slug": "fundamentos",
        "title": "2.4 Ecuación contable",
        "anchor": "tema2_4"
      }
     
    ]
  }

]

